{
  "stages": [
    {
      "id": 1,
      "name": "leadIn"
    },
    {
      "id": 2,
      "name": "noAnswer"
    },
    {
      "id": 3,
      "name": "callBack"
    },
    {
      "name": "Call in a month",
      "id": 4
    },
    {
      "name": "More Details",
      "id": 5
    },
    {
      "name": "new ssss",
      "id": 6
    },
    {
      "name": "kkk",
      "id": 7
    },
    {
      "name": "kjjj",
      "id": 8
    }
  ],
  "leads": [
    {
      "title": "eytan ",
      "stage": "callBack",
      "name": "eytan",
      "phone": "0508657032",
      "email": "",
      "website": "",
      "facebook": "",
      "linkedin": "",
      "otherLink": "",
      "companyName": "",
      "companyPhone": "",
      "companyEmail": "",
      "companyWebsite": "",
      "companyFacebook": "",
      "companyLinkedin": "",
      "companyOtherLink": "",
      "dateCreated": "15.06.2023",
      "id": 16,
      "notes": []
    },
    {
      "title": "eytan2 / Krief2 ",
      "stage": "noAnswer",
      "name": "eytan2",
      "phone": "050505051",
      "email": "sdfddd",
      "website": "wwwwww",
      "facebook": "",
      "linkedin": "",
      "otherLink": "",
      "companyName": "Krief2",
      "companyPhone": "",
      "companyEmail": "",
      "companyWebsite": "",
      "companyFacebook": "jgh",
      "companyLinkedin": "",
      "companyOtherLink": "",
      "dateCreated": "17.06.2023",
      "notes": [
        {
          "noteId": 1,
          "noteDate": "17th June 2023",
          "noteContent": "asdf"
        },
        {
          "noteId": 2,
          "noteDate": "17th June 2023",
          "noteContent": "asdf\\"
        },
        {
          "noteId": 3,
          "noteDate": "18th June 2023",
          "noteContent": "asdf\\jjj"
        },
        {
          "noteId": 4,
          "noteDate": "18th June 2023",
          "noteContent": "sadfasdfsdf"
        },
        {
          "noteId": 5,
          "noteDate": "18th June 2023",
          "noteContent": "eytanjj"
        },
        {
          "noteId": 6,
          "noteDate": "18th June 2023",
          "noteContent": "asdfasdf"
        },
        {
          "noteId": 7,
          "noteDate": "18th June 2023",
          "noteContent": "eytan krief"
        },
        {
          "noteId": 8,
          "noteDate": "18th June 2023",
          "noteContent": "guily"
        },
        {
          "noteId": 9,
          "noteDate": "18th June 2023 , 9:20 AM",
          "noteContent": "jh"
        },
        {
          "noteId": 10,
          "noteDate": "18th June 2023 , 9:32 AM",
          "noteContent": "asdf"
        },
        {
          "noteId": 11,
          "noteDate": "18th June 2023 , 9:32 AM",
          "noteContent": "eytankrief"
        },
        {
          "noteId": 12,
          "noteDate": "18th June 2023 , 10:29 AM",
          "noteContent": "kjghkjhkjhkjhkjhkjhk"
        },
        {
          "noteId": 13,
          "noteDate": "19th June 2023 , 1:30 PM",
          "noteContent": "sdf"
        },
        {
          "noteId": 14,
          "noteDate": "19th June 2023 , 2:22 PM",
          "noteContent": "asdfasdf"
        }
      ],
      "id": 17
    },
    {
      "title": "eytan / krief ",
      "stage": "leadIn",
      "name": "eytan",
      "phone": "55555",
      "email": "",
      "website": "",
      "facebook": "",
      "linkedin": "",
      "otherLink": "",
      "companyName": "krief",
      "companyPhone": "",
      "companyEmail": "",
      "companyWebsite": "",
      "companyFacebook": "",
      "companyLinkedin": "",
      "companyOtherLink": "",
      "dateCreated": "18.06.2023",
      "notes": [
        {
          "noteId": 1,
          "noteDate": "18th June 2023",
          "noteContent": "eytan"
        },
        {
          "noteId": 2,
          "noteDate": "18th June 2023",
          "noteContent": "krief"
        },
        {
          "noteId": 3,
          "noteDate": "18th June 2023 , 9:46 AM",
          "noteContent": "dfg"
        },
        {
          "noteId": 4,
          "noteDate": "18th June 2023 , 9:46 AM",
          "noteContent": "dfg"
        },
        {
          "noteId": 5,
          "noteDate": "18th June 2023 , 9:46 AM",
          "noteContent": "dfg"
        },
        {
          "noteId": 6,
          "noteDate": "18th June 2023 , 9:46 AM",
          "noteContent": "dfg"
        },
        {
          "noteId": 7,
          "noteDate": "18th June 2023 , 9:46 AM",
          "noteContent": "dfg"
        },
        {
          "noteId": 8,
          "noteDate": "18th June 2023 , 9:46 AM",
          "noteContent": "dfg"
        },
        {
          "noteId": 9,
          "noteDate": "18th June 2023 , 9:46 AM",
          "noteContent": "dfg"
        },
        {
          "noteId": 10,
          "noteDate": "18th June 2023 , 9:46 AM",
          "noteContent": "dfg"
        },
        {
          "noteId": 11,
          "noteDate": "18th June 2023 , 9:46 AM",
          "noteContent": "dfg"
        },
        {
          "noteId": 12,
          "noteDate": "18th June 2023 , 9:46 AM",
          "noteContent": "dfg"
        },
        {
          "noteId": 13,
          "noteDate": "18th June 2023 , 9:46 AM",
          "noteContent": "karen"
        },
        {
          "noteId": 14,
          "noteDate": "18th June 2023 , 9:47 AM",
          "noteContent": "asdfsdfsdf"
        },
        {
          "noteId": 15,
          "noteDate": "18th June 2023 , 9:47 AM",
          "noteContent": "sdf"
        },
        {
          "noteId": 16,
          "noteDate": "18th June 2023 , 9:47 AM",
          "noteContent": "sdf"
        },
        {
          "noteId": 17,
          "noteDate": "18th June 2023 , 9:47 AM",
          "noteContent": "sdf"
        },
        {
          "noteId": 18,
          "noteDate": "18th June 2023 , 9:47 AM",
          "noteContent": "sdf"
        },
        {
          "noteId": 19,
          "noteDate": "18th June 2023 , 9:47 AM",
          "noteContent": "sdf"
        },
        {
          "noteId": 20,
          "noteDate": "18th June 2023 , 9:47 AM",
          "noteContent": "sdf"
        },
        {
          "noteId": 21,
          "noteDate": "18th June 2023 , 9:47 AM",
          "noteContent": "sdf"
        }
      ],
      "id": 18
    },
    {
      "title": "eytankrief ",
      "stage": "noAnswer",
      "name": "eytankrief2",
      "phone": "",
      "email": "",
      "website": "",
      "facebook": "",
      "linkedin": "",
      "otherLink": "",
      "companyName": "",
      "companyPhone": "",
      "companyEmail": "",
      "companyWebsite": "",
      "companyFacebook": "",
      "companyLinkedin": "",
      "companyOtherLink": "",
      "dateCreated": "18.06.2023",
      "notes": [
        {
          "noteId": 1,
          "noteDate": "18th June 2023 , 9:19 AM",
          "noteContent": "dfg"
        },
        {
          "noteId": 2,
          "noteDate": "18th June 2023 , 9:21 AM",
          "noteContent": "sdf"
        },
        {
          "noteId": 3,
          "noteDate": "18th June 2023 , 9:21 AM",
          "noteContent": "sdf"
        },
        {
          "noteId": 4,
          "noteDate": "18th June 2023 , 9:21 AM",
          "noteContent": "sddddd"
        },
        {
          "noteId": 5,
          "noteDate": "18th June 2023 , 9:32 AM",
          "noteContent": "eytannnn"
        },
        {
          "noteId": 6,
          "noteDate": "18th June 2023 , 9:44 AM",
          "noteContent": "kkkkkasdf"
        },
        {
          "noteId": 7,
          "noteDate": "18th June 2023 , 9:45 AM",
          "noteContent": "575775"
        }
      ],
      "id": 19
    },
    {
      "title": "oryan ",
      "stage": "noAnswer",
      "name": "oryan",
      "phone": "",
      "email": "",
      "website": "",
      "facebook": "",
      "linkedin": "",
      "otherLink": "",
      "companyName": "",
      "companyPhone": "",
      "companyEmail": "",
      "companyWebsite": "",
      "companyFacebook": "",
      "companyLinkedin": "",
      "companyOtherLink": "",
      "dateCreated": "18.06.2023",
      "notes": [
        {
          "noteId": 1,
          "noteDate": "18th June 2023 , 9:22 AM",
          "noteContent": "asdf"
        },
        {
          "noteId": 2,
          "noteDate": "18th June 2023 , 9:23 AM",
          "noteContent": "eytan"
        }
      ],
      "id": 20
    },
    {
      "title": "Yair / Petch Company ",
      "stage": "callBack",
      "name": "Yair",
      "phone": "",
      "email": "",
      "website": "",
      "facebook": "",
      "linkedin": "",
      "otherLink": "",
      "companyName": "Petch Company",
      "companyPhone": "",
      "companyEmail": "",
      "companyWebsite": "",
      "companyFacebook": "",
      "companyLinkedin": "",
      "companyOtherLink": "",
      "dateCreated": "18.06.2023",
      "notes": [
        {
          "noteId": 1,
          "noteDate": "18th June 2023 , 9:50 AM",
          "noteContent": "jajadsjdfs"
        },
        {
          "noteId": 2,
          "noteDate": "18th June 2023 , 9:50 AM",
          "noteContent": "no answer"
        },
        {
          "noteId": 3,
          "noteDate": "19th June 2023 , 2:46 PM",
          "noteContent": "שדכגג"
        }
      ],
      "id": 21
    },
    {
      "title": "yoel / coockoo ",
      "stage": "Yair",
      "name": "yoel",
      "phone": "",
      "email": "",
      "website": "",
      "facebook": "",
      "linkedin": "",
      "otherLink": "",
      "companyName": "coockoo",
      "companyPhone": "",
      "companyEmail": "",
      "companyWebsite": "cooock.com",
      "companyFacebook": "",
      "companyLinkedin": "",
      "companyOtherLink": "",
      "dateCreated": "18.06.2023",
      "notes": [
        {
          "noteId": 1,
          "noteDate": "18th June 2023 , 10:00 AM",
          "noteContent": "eytan"
        },
        {
          "noteId": 2,
          "noteDate": "18th June 2023 , 10:00 AM",
          "noteContent": "asdf"
        }
      ],
      "id": 22
    },
    {
      "title": "mom / pap ",
      "stage": "callBack",
      "name": "mom",
      "phone": "05050505",
      "email": "",
      "website": "",
      "facebook": "",
      "linkedin": "",
      "otherLink": "",
      "companyName": "pap",
      "companyPhone": "",
      "companyEmail": "",
      "companyWebsite": "",
      "companyFacebook": "",
      "companyLinkedin": "",
      "companyOtherLink": "",
      "dateCreated": "18.06.2023",
      "notes": [
        {
          "noteId": 1,
          "noteDate": "18th June 2023 , 10:02 AM",
          "noteContent": "asdf"
        },
        {
          "noteId": 2,
          "noteDate": "18th June 2023 , 10:02 AM",
          "noteContent": "asdf"
        },
        {
          "noteId": 3,
          "noteDate": "18th June 2023 , 10:02 AM",
          "noteContent": "asdf"
        }
      ],
      "id": 23
    },
    {
      "title": "asdf / asdf ",
      "stage": "leadIn",
      "name": "Koral",
      "phone": "",
      "email": "",
      "website": "",
      "facebook": "",
      "linkedin": "",
      "otherLink": "",
      "companyName": "asdf",
      "companyPhone": "",
      "companyEmail": "",
      "companyWebsite": "",
      "companyFacebook": "",
      "companyLinkedin": "",
      "companyOtherLink": "",
      "dateCreated": "18.06.2023",
      "notes": [],
      "id": 24
    },
    {
      "title": "test2 / test2 ",
      "stage": "leadIn",
      "name": "test2",
      "phone": "asdf040505",
      "email": "",
      "website": "",
      "facebook": "",
      "linkedin": "",
      "otherLink": "",
      "companyName": "test2",
      "companyPhone": "",
      "companyEmail": "",
      "companyWebsite": "",
      "companyFacebook": "",
      "companyLinkedin": "",
      "companyOtherLink": "",
      "dateCreated": "18.06.2023",
      "notes": [
        {
          "noteId": 1,
          "noteDate": "18th June 2023 , 10:05 AM",
          "noteContent": "adsfasdf"
        },
        {
          "noteId": 2,
          "noteDate": "19th June 2023 , 1:13 PM",
          "noteContent": "kjh"
        }
      ],
      "id": 25
    },
    {
      "title": "kara lane ",
      "stage": "callBack",
      "name": "kara lane",
      "phone": "",
      "email": "",
      "website": "",
      "facebook": "",
      "linkedin": "",
      "otherLink": "",
      "companyName": "",
      "companyPhone": "",
      "companyEmail": "",
      "companyWebsite": "",
      "companyFacebook": "",
      "companyLinkedin": "",
      "companyOtherLink": "",
      "dateCreated": "18.06.2023",
      "notes": [],
      "id": 26
    },
    {
      "title": "Yair Petch / Kricherer Company Ltd. ",
      "stage": "leadIn",
      "name": "Yair Petch",
      "phone": "66666",
      "email": "petch@gmail.com",
      "website": "kriecherer.com",
      "facebook": "",
      "linkedin": "",
      "otherLink": "",
      "companyName": "Kricherer Company Ltd.",
      "companyPhone": "",
      "companyEmail": "",
      "companyWebsite": "",
      "companyFacebook": "",
      "companyLinkedin": "",
      "companyOtherLink": "",
      "dateCreated": "19.06.2023",
      "notes": [
        {
          "noteId": 1,
          "noteDate": "19th June 2023 , 2:46 PM",
          "noteContent": "לא עונה"
        }
      ],
      "id": 28
    },
    {
      "title": "Yair ",
      "stage": "noAnswer",
      "name": "Yair",
      "phone": "0547670033",
      "email": "yair@gmail.com",
      "website": "afasdf",
      "facebook": "",
      "linkedin": "",
      "otherLink": "",
      "companyName": "",
      "companyPhone": "",
      "companyEmail": "",
      "companyWebsite": "",
      "companyFacebook": "",
      "companyLinkedin": "",
      "companyOtherLink": "",
      "dateCreated": "19.06.2023",
      "notes": [
        {
          "noteId": 1,
          "noteDate": "19th June 2023 , 4:20 PM",
          "noteContent": "note"
        },
        {
          "noteId": 2,
          "noteDate": "19th June 2023 , 4:20 PM",
          "noteContent": "note2"
        }
      ],
      "id": 32
    },
    {
      "title": "Karen Ronen / Karnina Nails ",
      "stage": "More Details",
      "name": "Karen Ronen",
      "phone": "0547670033",
      "email": "karenRonen3@gmail.com",
      "website": "",
      "facebook": "",
      "linkedin": "",
      "otherLink": "",
      "companyName": "Karnina Nails",
      "companyPhone": "",
      "companyEmail": "",
      "companyWebsite": "",
      "companyFacebook": "",
      "companyLinkedin": "",
      "companyOtherLink": "",
      "dateCreated": "19.06.2023",
      "notes": [
        {
          "noteId": 1,
          "noteDate": "19th June 2023 , 9:32 PM",
          "noteContent": "דיברתי איתה, די מעצבנת אבל עושה ציפורניים יפות. לדבר איתה עוד חודש"
        }
      ],
      "id": 33
    },
    {
      "title": "Oryan / Climbing ",
      "stage": "More Details",
      "name": "Oryan",
      "phone": "1111111",
      "email": "oryan@gmail.com",
      "website": "",
      "facebook": "",
      "linkedin": "",
      "otherLink": "",
      "companyName": "Climbing",
      "companyPhone": "",
      "companyEmail": "",
      "companyWebsite": "",
      "companyFacebook": "",
      "companyLinkedin": "",
      "companyOtherLink": "",
      "dateCreated": "22.06.2023",
      "notes": [],
      "id": 35
    }
  ]
}